{
	"format_version": "1.8.0",
	"animations": {
		"animation.unknown.new": {
			"loop": "hold_on_last_frame",
			"animation_length": 11,
			"bones": {
				"head": {
					"rotation": {
						"0.0": {
							"vector": [0, 0, 0]
						},
						"0.0417": {
							"vector": [5, -5, 0]
						},
						"4.5": {
							"vector": [5, -5, 0]
						},
						"4.75": {
							"vector": [5, -5, 0]
						},
						"5.0": {
							"vector": [5.29946, -19.94019, -1.37501]
						},
						"7.0": {
							"vector": [5.3, -19.94, -1.38]
						},
						"7.1667": {
							"vector": [5.74617, 29.8564, 3.29989]
						},
						"7.3333": {
							"vector": [8.64471, -54.71073, -6.64202]
						},
						"7.5": {
							"vector": [45.49257, 24.88038, 2.74876]
						},
						"9.0": {
							"vector": [45.49, 24.88, 2.75]
						},
						"9.25": {
							"vector": [18.6213, 6.00985, -4.16425]
						},
						"9.75": {
							"vector": [18.62, 6.01, -4.16]
						},
						"10.0": {
							"vector": [-8.88, 6.01, -4.16]
						},
						"10.5": {
							"vector": [-1.02442, 36.75474, 0.2988]
						}
					},
					"position": {
						"4.5": {
							"vector": [0, 0, 0]
						},
						"4.75": {
							"vector": [0, 0, 0]
						},
						"5.0": {
							"vector": [-1, -2, -3]
						},
						"7.0": {
							"vector": [-1, -2, -3]
						},
						"7.25": {
							"vector": [-0.5, -2, -4.5]
						},
						"7.4167": {
							"vector": [-0.5, -2, -5.5]
						},
						"7.5": {
							"vector": [-2, -2, -6]
						},
						"9.0": {
							"vector": [-2, -2, -6]
						},
						"9.25": {
							"vector": [-3, -2, -7]
						},
						"9.75": {
							"vector": [-3, -2, -7]
						},
						"10.0": {
							"vector": [1, 1, 1]
						}
					},
					"scale": {
						"4.5": {
							"vector": [1, 1, 1]
						},
						"4.75": {
							"vector": [1, 1, 1]
						},
						"7.0": {
							"vector": [1, 1, 1]
						},
						"9.0": {
							"vector": [1, 1, 1]
						},
						"9.75": {
							"vector": [1, 1, 1]
						},
						"10.0": {
							"vector": [1, 1, 1]
						}
					}
				},
				"torso": {
					"rotation": {
						"0.0": {
							"vector": [0, 0, 0]
						},
						"0.0417": {
							"vector": [0, -12.5, 0]
						},
						"2.0": {
							"vector": [0, 10.25, 0]
						},
						"2.5": {
							"vector": [0, 60, 0]
						},
						"4.5": {
							"vector": [0, 60, 0]
						},
						"4.75": {
							"vector": [0, -37.5, 0]
						},
						"5.0": {
							"vector": [22.5, 47.5, 0]
						},
						"7.0": {
							"vector": [22.5, 47.5, 0]
						},
						"7.1667": {
							"vector": [16.18358, -21.93609, -23.16981]
						},
						"7.3333": {
							"vector": [9.56032, -22.86071, -6.74909]
						},
						"7.5": {
							"vector": [21.82125, 19.11416, 0.07106]
						},
						"9.0": {
							"vector": [21.82, 19.11, 0.07]
						},
						"9.25": {
							"vector": [53.14, 41.86892, 12.24763]
						},
						"9.75": {
							"vector": [53.14, 41.87, 12.25]
						},
						"10.0": {
							"vector": [-0.93757, 42.50169, -1.23317]
						}
					},
					"position": {
						"4.5": {
							"vector": [0, 0, 0]
						},
						"4.75": {
							"vector": [0, 0, 0]
						},
						"5.0": {
							"vector": [0, -1, -1]
						},
						"7.0": {
							"vector": [0, -1, -1]
						},
						"9.0": {
							"vector": [0, -1, -1]
						},
						"9.25": {
							"vector": [0, -1, -3]
						},
						"9.75": {
							"vector": [0, -1, -3]
						},
						"10.0": {
							"vector": [1, 1, 1]
						}
					},
					"scale": {
						"4.5": {
							"vector": [1, 1, 1]
						},
						"7.0": {
							"vector": [1, 1, 1]
						},
						"9.0": {
							"vector": [1, 1, 1]
						},
						"9.75": {
							"vector": [1, 1, 1]
						},
						"10.0": {
							"vector": [1, 1, 1]
						}
					}
				},
				"rightArm": {
					"rotation": {
						"0.0": {
							"vector": [0, 0, 0]
						},
						"0.0417": {
							"vector": [0, 0, 130]
						},
						"0.5": {
							"vector": [-90.58671, -11.72145, 88.84912]
						},
						"2.0": {
							"vector": [-67.03405, -8.32957, 96.38538]
						},
						"2.5": {
							"vector": [22.60851, -9.29798, 98.71777]
						},
						"4.5": {
							"vector": [22.61, -9.3, 98.72]
						},
						"4.625": {
							"vector": [157.39, 9.3, 278.72]
						},
						"4.75": {
							"vector": [344.89, 9.3, 278.72]
						},
						"4.7917": {
							"vector": [337.34482, -48.09839, 298.47644]
						},
						"4.8333": {
							"vector": [217.40403, -64.94431, 426.5077]
						},
						"4.875": {
							"vector": [195.11, -9.3, 458.72]
						},
						"5.0": {
							"vector": [450.94109, -9.61066, 468.85321]
						},
						"7.0": {
							"vector": [450.94109, -9.61066, 468.85321]
						},
						"7.0417": {
							"vector": [447.39, 9.3, 638.72]
						},
						"7.1667": {
							"vector": [714.89, 9.3, 638.72]
						},
						"7.2083": {
							"vector": [545.11, -9.3, 818.72]
						},
						"7.3333": {
							"vector": [745.11, -9.3, 818.72]
						},
						"7.375": {
							"vector": [874.89, 9.3, 998.72]
						},
						"7.4167": {
							"vector": [1055.08733, 9.3, 998.72]
						},
						"7.5": {
							"vector": [956.41098, 24.97744, 1081.87201]
						},
						"9.0": {
							"vector": [956.41, 24.98, 1081.87]
						},
						"9.125": {
							"vector": [1047.42666, 1.57519, 1101.62795]
						},
						"9.25": {
							"vector": [1225.3607, -27.56534, 1159.25497]
						},
						"9.75": {
							"vector": [1225.36, -27.57, 1159.25]
						},
						"9.7917": {
							"vector": [1114.64, 27.57, 1339.25]
						},
						"10.0": {
							"vector": [1374.64, 27.57, 1339.25]
						},
						"10.5": {
							"vector": [1263.42286, 35.75892, 1430.17788]
						},
						"10.625": {
							"vector": [1351.19863, 32.33655, 1457.10543]
						},
						"10.75": {
							"vector": [1462.26033, 25.5166, 1484.68041]
						}
					},
					"position": {
						"0.0": {
							"vector": [0, 0, 0]
						},
						"0.0417": {
							"vector": [-1, 2, 0]
						},
						"0.5": {
							"vector": [0, -1, -2]
						},
						"2.0": {
							"vector": [-1, 1, 3]
						},
						"2.5": {
							"vector": [1, 1, 5]
						},
						"4.5": {
							"vector": [1, 1, 5]
						},
						"4.75": {
							"vector": [3, 1, -5]
						},
						"5.0": {
							"vector": [2, 1, 6]
						},
						"7.0": {
							"vector": [2, 1, 6]
						},
						"7.1667": {
							"vector": [2, -1, -4]
						},
						"7.3333": {
							"vector": [-1, -1, -1]
						},
						"7.4167": {
							"vector": [1, -1, -6]
						},
						"7.5": {
							"vector": [-1, -1, -2]
						},
						"9.0": {
							"vector": [-1, -1, -2]
						},
						"9.25": {
							"vector": [1, 0, 0]
						},
						"10.0": {
							"vector": [2, 1, 2]
						},
						"10.5": {
							"vector": [2, 2, 5]
						},
						"10.75": {
							"vector": [2, 2, 6]
						}
					},
					"scale": {
						"4.5": {
							"vector": [1, 1, 1]
						},
						"7.0": {
							"vector": [1, 1, 1]
						},
						"9.0": {
							"vector": [1, 1, 1]
						},
						"10.0": {
							"vector": [1, 1, 1]
						}
					}
				},
				"leftArm": {
					"rotation": {
						"0.0": {
							"vector": [0, 0, 0]
						},
						"0.25": {
							"vector": [-75, -22.5, 0]
						},
						"2.0": {
							"vector": [-72.5, -22.5, 0]
						},
						"2.5": {
							"vector": [-58.00103, 63.17628, 34.99913]
						},
						"4.5": {
							"vector": [-58, 63.18, 35]
						},
						"4.75": {
							"vector": [-66.39291, -53.3415, -13.46666]
						},
						"7.0": {
							"vector": [-66.39, -53.34, -13.47]
						},
						"7.4167": {
							"vector": [-60.70686, -33.13574, -7.90928]
						},
						"7.5": {
							"vector": [-69.31266, 47.39752, 21.38584]
						},
						"9.0": {
							"vector": [-69.31, 47.4, 21.39]
						},
						"9.25": {
							"vector": [-71.01092, 42.6959, 18.98875]
						},
						"9.75": {
							"vector": [-71.01, 42.7, 18.99]
						},
						"10.0": {
							"vector": [-76.12644, 4.17576, 6.88395]
						},